Company,Role,Location(s),Apply,Date Posted,Intern Insider,Ribbon
Travellio,Data Science Intern,India,https://www.linkedin.com/jobs/search/?currentJobId=3903251928,04/21/2024,,
Pyxer Inc.,Full Stack Software Engineering Intern,"Santa Clara, CA",https://www.linkedin.com/jobs/search/?currentJobId=3903608323,04/21/2024,,
TopBuild,Data Analytics Intern,"Daytona Beach, FL",https://www.linkedin.com/jobs/collections/recommended/?currentJobId=3906025545,04/20/2024,,
TopBuild,Data Analytics Intern,"Daytona Beach, FL",https://www.linkedin.com/jobs/collections/recommended/edit/forms/next-action/add-another-skill/?currentJobId=3906025545,04/20/2024,,
TopBuild,Data Analytics Intern,"Daytona Beach, FL",https://www.linkedin.com/jobs/collections/recommended/edit/forms/skills/new/?currentJobId=3906025545,04/20/2024,,
TELUS International AI Data Solutions,Freelance Remote: Personalized Internet Ads Assessor - German (PL),Poland,https://www.linkedin.com/jobs/search/?currentJobId=3901063083,04/16/2024,,
S&P Global,Environmental Sustainability Intern,"California, United States",https://www.linkedin.com/jobs/search/?currentJobId=3904419598,04/17/2024,,
Kinetic,Machine Learning Internship,"Santa Ana, CA",https://www.linkedin.com/jobs/collections/recommended/post-apply/premium/?currentJobId=3901456058,04/16/2024,,
Celonis,Machine Learning Engineer Intern,"New York, NY",https://www.linkedin.com/jobs/view/3905292996/,04/18/2024,,
SoFi,"Intern, Machine Learning","San Francisco, CA",https://www.linkedin.com/jobs/view/3905366757/,04/19/2024,,
Teladoc Health,Sales Internship (remote role),"Saskatchewan, Canada",https://www.linkedin.com/jobs/view/3903271142/post-apply/default/,04/21/2024,,
Teladoc Health,Sales Internship (remote role),"Saskatchewan, Canada",https://www.linkedin.com/jobs/view/3903271142/,04/11/2024,,
ResMed,Product Management Intern,"Peachtree Corners, GA",https://www.linkedin.com/jobs/collections/recommended/?currentJobId=3905016355,04/21/2024,,
Professional Diversity Network,Permitting Engineer Co-Op/Intern,"Tampa, FL",https://www.linkedin.com/jobs/search/?currentJobId=3907071586,04/21/2024,,
Teledyne FLIR,Engineering Internship - Paid Opportunity,"Sparks, MD",https://www.linkedin.com/jobs/search/?currentJobId=3905791140,04/21/2023,,
Covanta,Summer Intern - Engineering Intern,"Bristol, CT",https://www.linkedin.com/jobs/search/?currentJobId=3832168323,04/21/2024,,
Everline Tech,Engineering Intern,"Tennessee, United States",https://www.linkedin.com/jobs/search/?currentJobId=3906143353,04/22/2024,,
Sybrid Pvt Ltd (The Lakson Group of Companies),Software Engineer - Intern,Lahore,https://pk.indeed.com/viewjob?jk=afe219a42a56b132,04/19/2024,,
KS-Technologies,Backend & Frontend Intern,Lahore,https://pk.indeed.com/viewjob?jk=ef918991de08f910,04/21/2024,,
Startup Geeks,Startup Analyst (Intern),Italy,https://www.linkedin.com/jobs/search/?currentJobId=3902535193,04/16/2024,,
Mysten Labs,Research Intern - Blockchain,European Union,https://www.linkedin.com/jobs/search/?currentJobId=3860725618,03/21/2024,,
Refonte Infini - Infiniment Grand,AI & Data Science Intern,France,https://www.linkedin.com/jobs/search/?currentJobId=3907014278,04/21/2024,,
Solana Talent Group,Application Development Intern,"San Francisco, CA, USA",https://www.ziprecruiter.com/jobs/solana-talent-group-c97b139f/application-development-intern-4a751945,03/26/2024,,
Exponent,Engineering Internship- Paid,"San Francisco, CA, USA",https://www.ziprecruiter.com/jobs/exponent-1661c7b8/engineering-internship-paid-ca641bbc,04/05/2024,,
Leviton,"Intern, IT (Artificial Intelligence)","Melville, NY (On-site)",https://www.linkedin.com/jobs/collections/recommended/?currentJobId=3903848028,04/19/2024,,
FUJIFILM Holdings America Corporation,IT Intern,"Valhalla, NY",https://www.linkedin.com/jobs/collections/recommended/?currentJobId=3743475954,03/22/2024,,
Schneider,Supply Chain Engineering Intern - Summer 2024,"Green Bay, WI",https://www.linkedin.com/jobs/collections/recommended/?currentJobId=3906258306,04/20/2024,,
RemoteWorker US,REMOTE SUMMER INTERNSHIP: Supply Chain,"Charlotte, NC",https://www.linkedin.com/jobs/collections/recommended/?currentJobId=3907009427,04/21/2024,,
Johnson & Johnson,Supply Chain Excellence Intern,"New Brunswick, NJ",https://www.linkedin.com/jobs/search/?currentJobId=3903918268,04/17/2024,,
Ingersoll Rand,Sales Development Internship - Nationwide (Summer '24),"Davidson, NC",https://www.linkedin.com/jobs/search/?currentJobId=3905781596,04/21/2024,,
Baylor Scott & White Health,IS Procurement Strategist - Summer Intern,"Dallas, TX",https://www.linkedin.com/jobs/search/?currentJobId=3904071566,04/21/2024,,
ArcBest,"Intern, Engineering - Yield","Fayetteville, AR",https://www.linkedin.com/jobs/search/?currentJobId=3906958845,04/21/2024,,
Republic National Distributing Company,Software Engineer College Intern,"Atlanta, GA 30339",https://www.indeed.com/jobs?vjk=6abbfb9ce724654a,04/21/2024,,
Hewlett Packard,Cloud Software Developer Intern,"Boise, ID 83714",https://www.indeed.com/jobs?vjk=f14f910526a715c0,04/20/2024,,
Aristiun,Artificial Intelligence Intern,India,https://www.linkedin.com/jobs/collections/recommended/post-apply/add-skill/?currentJobId=3905345003,04/19/2024,,
Aristiun,Artificial Intelligence Intern,India,https://www.linkedin.com/jobs/collections/recommended/?currentJobId=3905345003,04/19/2024,,
Replica Inc.,Software Engineer Intern (Data Access),"New York, NY 10013",https://www.indeed.com/jobs?vjk=3437eec62db60eb5,04/21/2024,,
"Viasat, Inc.",Software Engineer Intern,"San Jose, CA 95110",https://www.indeed.com/jobs?vjk=3bb96934e5a7772b,04/21/2024,,
ARAG North America,Application Developer Intern,"500 Grand Avenue, Des Moines, IA 50309",https://www.indeed.com/jobs?vjk=f99af3977d56bed7,04/21/2024,,
"Flogistix, LP",Software Engineering Intern,"Oklahoma City, OK 73116",https://www.indeed.com/jobs?vjk=378386c4b1b507a5,04/20/2024,,
Universal Phoenix Group LLC,Game Programmer (Unity/Unreal) Internship,Remote,https://www.indeed.com/jobs?vjk=dbb9c47d4a43e71b,04/21/2024,,
Providence,"Student Intern, Software Engineering","Irvine, CA 92604",https://www.indeed.com/jobs?vjk=65b8a5d3e1c8b576,04/20/2024,,
Retail Billions,Intern Analyst,United States,https://www.linkedin.com/jobs/search/?currentJobId=3902885872,04/20/2024,,
Terracon,Intern,"Columbia, SC",https://www.linkedin.com/jobs/search/?currentJobId=3905493241,04/20/2024,,
Nature Conservancy of Canada/Conservation de la nature Canada,"Intern, Data Management","Regina, SK",https://www.linkedin.com/jobs/view/3840876580/,04/20/2024,,
Ushur,Accelerator Solution Developer Intern,"Santa Clara, CA",https://jobs.lever.co/ushur/19b31177-e084-44bd-9c5e-56a40d56ceed,04/20/2024,,
Belk,2024 Belk Internship Program - Operations Management,"Blythewood, SC",https://www.linkedin.com/jobs/search/?currentJobId=3905464364,04/19/2024,,
Vanderlande,Continuous Improvement Intern - Sourcing,"Marietta, GA",https://www.linkedin.com/jobs/search/?currentJobId=3830209705,04/16/2024,,
Vanderlande,Continuous Improvement Intern,"Marietta, GA",https://www.linkedin.com/jobs/search/?currentJobId=3830215155,04/19/2024,,
Ardagh Group,Quality Intern,"Olive Branch, MS",https://www.linkedin.com/jobs/search/?currentJobId=3889565747,04/20/2024,,
Danfoss,Supply Chain Intern,"Milwaukee, WI (On-site)",https://www.linkedin.com/jobs/search/?currentJobId=3862866804,03/20/2024,,
GE Vernova,Solar & Storage Engineering Intern - Data Analytics (Summer 2024),"Schenectady, NY",https://www.linkedin.com/jobs/collections/recommended/?currentJobId=3906288266,04/19/2024,,
Indotronix Avani Group,Supply Chain Intern,"Covington, GA",https://www.linkedin.com/jobs/collections/recommended/?currentJobId=3902836927,04/19/2024,,
WayUp,Intern Cost Segregation Spring 2025,"Greenville, SC",https://www.linkedin.com/jobs/search/?currentJobId=3904704933,04/19/2024,,
UNICEF,"WASH Programme Intern (Water, Sanitation and Hygiene), 14 weeks, Full-Time (Paid Internship)","Ulaanbaatar, Ulaanbaatar Hot, Mongolia",https://www.linkedin.com/jobs/search/?currentJobId=3904070620,04/19/2024,,
ArabyAds,ArabyAds' Internship- Media 2024,"Eg, Mongolia",https://www.linkedin.com/jobs/search/?currentJobId=3903188675,04/16/2024,,
EON Reality,Spatial AI Entrepreneur Internship,APAC (Remote),https://www.linkedin.com/jobs/search/post-apply/top-choice/?currentJobId=3888080866,04/13/2024,,
EON Reality,Spatial AI Entrepreneur Internship,APAC (Remote),https://www.linkedin.com/jobs/search/?currentJobId=3888080866,04/13/2024,,
Cloudflare,Data Engineer Intern (Summer 2024),"Austin, TX",https://www.linkedin.com/jobs/collections/post-apply/top-choice/?currentJobId=3904332681,04/18/2024,,
Oliv - Your AI Assistant for Sales,Product Management Intern,India,https://www.linkedin.com/jobs/search/?currentJobId=3906263583,04/03/2024,,
New York Red Bulls,"2024 Internship, Spring - Academy Video Analyst","East Hanover, NJ",https://www.linkedin.com/jobs/search/?currentJobId=3760360221,03/20/2024,,
Carths Group,Operations Intern,India,https://www.linkedin.com/jobs/view/3905484064/,04/19/2024,,
SoFi,"Intern, Data Science","San Francisco, California, United States",https://www.linkedin.com/jobs/view/3906222048/,04/20/2024,,
World Resources Institute,"Intern – e-FAST, WRI India","New Delhi, Delhi, India",https://www.linkedin.com/jobs/search/?currentJobId=3882069319,04/06/2024,,
MentorBeep,"Business Analytics Internship in Bhopal, Mumbai, Jaipur, Noida, Bhopalgarh, Ahmedabad, Chandigarh, Chennai, Delhi, Gurgaon, Indore, Kolkata, Pune, Bangalore, Hyderabad","Jaipur, Rajasthan, India",https://www.linkedin.com/jobs/search/?currentJobId=3898614126,04/14/2024,,
FabHotels,Hotel & Travel Operations Internship in Gurgaon,"Gurgaon, Haryana, India",https://www.linkedin.com/jobs/search/?currentJobId=3858078934,03/20/2024,,
Testbook,Marketing Operation Intern,"Delhi, India",https://www.linkedin.com/jobs/search/?currentJobId=3831622637,02/20/2024,,
Unacademy,Growth & Marketing Intern,"Bengaluru, Karnataka, India",https://www.linkedin.com/jobs/search/post-apply/default/?currentJobId=3885903712,04/13/2024,,
Unacademy,Growth & Marketing Intern,"Bengaluru, Karnataka, India",https://www.linkedin.com/jobs/search/?currentJobId=3885903712,04/12/2024,,
BluSmart,"Business Development (Sales) Internship in Delhi, Gurgaon","Delhi, India",https://www.linkedin.com/jobs/search/?currentJobId=3898604945,04/14/2024,,
Monkhub Innovations,Project Management Internship in Gurgaon,"Gurgaon, Haryana, India",https://www.linkedin.com/jobs/search/?currentJobId=3893191929,04/03/2024,,
Times Internet,Project Management Intern,"Mumbai, Maharashtra, India",https://www.linkedin.com/jobs/search/?currentJobId=3870914717,04/20/2024,,
SatSure,Internship,"Bangalore Urban, Karnataka, India",https://www.linkedin.com/jobs/search/?currentJobId=3811774162,02/20/2024,,
Chamberly AB,Internship,India,https://www.linkedin.com/jobs/search/?currentJobId=3886788820,04/18/2024,,
Wood Mackenzie,Intern - Commodities,"Gurugram, Haryana, India",https://www.linkedin.com/jobs/search/?currentJobId=3863884233,04/17/2024,,
Azure Power,Summer Intern,"Gurugram, Haryana, India",https://www.linkedin.com/jobs/collections/recommended/?currentJobId=3901131521,04/16/2024,,
Azure Power,Summer Intern,"Gurugram, Haryana, India",https://www.linkedin.com/jobs/collections/recommended/post-apply/add-skill/?currentJobId=3901131521,04/16/2024,,
Cloudflare,Data Engineer Intern (Summer 2024),"Austin, TX",https://www.linkedin.com/jobs/collections/easy-apply/post-apply/default/?currentJobId=3904332681,04/18/2024,,
Cloudflare,Data Engineer Intern (Summer 2024),"Austin, TX",https://www.linkedin.com/jobs/collections/easy-apply/?currentJobId=3904332681,04/18/2024,,
MTSI,Artificial Intelligence/Machine Learning Intern,"Huntsville, AL",https://www.linkedin.com/jobs/search/?currentJobId=3850601852,04/20/2024,,
"Aledade, Inc.","Internship, Enterprise Systems, Summer 2024","Bethesda, MD",https://www.linkedin.com/jobs/search/?currentJobId=3872262577,03/29/2024,,
Aledade,"Internship, Enterprise Systems, Summer 2024","Bethesda, MD",https://jobs.lever.co/aledade/032aa8df-36b9-4230-8b0b-dfe8ca840aef,04/20/2024,,
IGT,SQA Intern,"West Greenwich, RI",https://www.linkedin.com/jobs/search/?currentJobId=3880664553,04/06/2024,,
Black Hills Energy,Utility Technology Systems Internship (Summer 2024),"Rapid City, SD",https://www.linkedin.com/jobs/search/?currentJobId=3830532093,03/20/2024,,
Simply Business,Software Engineer - Summer Internship,"Atlanta, GA",https://jobs.lever.co/simplybusiness/18c56594-06cb-4a7a-b951-26e58a667999/thanks,04/20/2024,,
World Kinect,Technology Internship Program,"Miami, FL",https://www.linkedin.com/jobs/search/?currentJobId=3897004489,04/13/2024,,
"Centrillion Technology, Inc.",Summer Intern 2024,"Palo Alto, CA",https://www.linkedin.com/jobs/view/3903516995/,04/21/2024,,
General Atomics,Machine Learning Engineer Intern,"Poway, CA",https://www.linkedin.com/jobs/view/3905300909/,04/19/2024,,
GrayMatter Robotics,Robotics Engineer: Software Intern,"Gardena, California, United States",https://www.linkedin.com/jobs/view/3904718466/,04/19/2024,,
Predictify Pro,Software Engineer Intern,"Toronto, ON (Remote)",https://www.linkedin.com/jobs/collections/recommended/?currentJobId=3874436406,04/19/2024,,
Predictify Pro,Software Engineer Intern,"Toronto, ON (Remote)",https://www.linkedin.com/jobs/collections/top-applicant/?currentJobId=3874436406,04/20/2024,,
Hewlett Packard Enterprise,Software Intern,"Spring, TX",https://www.linkedin.com/jobs/collections/recommended/?currentJobId=3902840497,04/17/2024,,
Viasat,Software Engineer Intern,"Carlsbad, CA",https://www.linkedin.com/jobs/collections/recommended/?currentJobId=3904723040,04/20/2024,,
Teladoc Health,Sales Internship (remote role),Canada,https://www.linkedin.com/jobs/search/?currentJobId=3898729069,04/14/2024,,
Vending247.ca,Summer Internship - Business Operations (unpaid),Canada,https://www.linkedin.com/jobs/search/?currentJobId=3894188442,04/14/2024,,
CARE Canada,Intern - Youth Public Engagement Champion (YPEC),Canada,https://www.linkedin.com/jobs/search/?currentJobId=3890822352,04/19/2024,,
Xsolla,"Business Development Intern, Canada",Canada,https://www.linkedin.com/jobs/search/?currentJobId=3886449823,04/12/2024,,
Refonte Infini - Infiniment Grand,AI & Data Science Intern,Canada,https://www.linkedin.com/jobs/search/?currentJobId=3903710027,04/17/2024,,
Impinj,"Software Engineering Intern, Bluetooth","Seattle, WA",https://www.linkedin.com/jobs/view/3904071539/,04/05/2024,,
Faire,Data Scientist - Intern,Canada,https://www.linkedin.com/jobs/search/?currentJobId=3798371909,09/12/2023,,
Hearst Magazines,Software Quality Assurance Intern,"New York, NY",https://www.linkedin.com/jobs/view/3904512313/,04/19/2024,,
ORC,Software Development Intern - New York,"New York, NY",https://www.linkedin.com/jobs/view/3905892001/,04/20/2024,,
CONNECTMETA.AI,Data Science Intern,United States,https://www.linkedin.com/jobs/view/3906033785/,04/19/2024,,
Refonte Technologies,AI & Data Science Intern,United States,https://www.linkedin.com/jobs/view/3902393513/post-apply/default/,04/19/2024,,
Drinkun Inc,Data Science Intern,"Baltimore, MD",https://www.linkedin.com/jobs/view/3903873371/,04/20/2024,,
Sabre Corporation,Software Engineer - 2024 Summer Intern,"Southlake, TX",https://www.linkedin.com/jobs/view/3902387952/,04/20/2024,,
Teladoc Health,Sales Intern,Remote,https://ca.indeed.com/viewjob?jk=7ad5215b5b3fa155,04/19/2024,,
Benjamin Moore,Data Science & Analytics Intern - Summer 2024,"Montvale, New Jersey, United States",https://www.linkedin.com/jobs/view/3901983526/,04/19/2024,,
Elevate,Product Management Intern,"Fort Worth, TX",https://www.linkedin.com/jobs/view/product-management-intern-at-elevate-3905879933/,04/19/2024,,
"iHerb, LLC",Front End Software Engineer Intern,United States,https://www.linkedin.com/jobs/view/3905361570/,04/19/2024,,
Black Immigrants Thrive Coalition,Student Intern - Human Resources Management,Canada,https://www.linkedin.com/jobs/view/3905289453/post-apply/safety-tips/,04/19/2024,,
Black Immigrants Thrive Coalition,Student Intern- Human Resources Management,Canada,https://www.linkedin.com/jobs/view/3905289453/,04/19/2024,,
Johnson & Johnson,Data Engineering intern,"Irvine, CA",https://www.linkedin.com/jobs/view/3905664005/,04/12/2024,,
Trimble Inc.,Data Science/Data Engineering Intern,"Minnetonka, MN",https://www.linkedin.com/jobs/collections/recommended/?currentJobId=3887710955,04/05/2024,,
General Atomics,Machine Learning Engineer Intern,"Poway, CA",https://www.linkedin.com/jobs/collections/recommended/?currentJobId=3905300909,04/18/2024,,
"Reddit, Inc.",Data Science Intern (Ads),"New York, NY (Hybrid)",https://www.linkedin.com/jobs/collections/recommended/?currentJobId=3903887926,04/19/2024,,
"Itron, Inc.",Intern- Project Management,"Austin, TX",https://www.linkedin.com/jobs/search/?currentJobId=3905338305,04/17/2024,,
AESC US,Project Management Intern,Nashville Metropolitan Area,https://www.linkedin.com/jobs/search/?currentJobId=3900959228,04/17/2024,,
"Banco Sabadell, Miami Branch",Project Management Intern,"Miami, FL",https://www.linkedin.com/jobs/search/?currentJobId=3904334010,04/17/2024,,
Vimaan Robotics,Geometric Vision Intern – Summer Internship,"San Jose, CA",https://www.indeed.com/cmp/Vimaan-Robotics/jobs?jk=7474dee6303af54e,04/08/2024,,
SGK,Graphic Communications Project Management Intern,"East Butler, PA",https://www.linkedin.com/jobs/search/edit/forms/skills/new/?currentJobId=3902954211,04/16/2024,,
SGK,Graphic Communications Project Management Intern,"East Butler, PA",https://www.linkedin.com/jobs/search/edit/forms/next-action/add-another-skill/?currentJobId=3902954211,04/16/2024,,
SGK,Graphic Communications Project Management Intern,"East Butler, PA",https://www.linkedin.com/jobs/search/?currentJobId=3902954211,04/16/2024,,
Univision,"Intern, Program Management","Miami, FL",https://www.linkedin.com/jobs/search/?currentJobId=3898761026,04/16/2024,,
CONNECTMETA.AI,Data Science Intern,United States,https://www.linkedin.com/jobs/collections/recommended/?currentJobId=3906033785,04/19/2024,,
"McKenney's, Inc.",Fall 2024 Construction Project Management Intern,"Atlanta, GA (On-site)",https://www.linkedin.com/jobs/search/?currentJobId=3860196410,04/16/2024,,
CONNECTMETA.AI,Data Science Intern,United States,https://www.linkedin.com/jobs/search/?currentJobId=3902839580,04/09/2024,,
Learnbuds,MERN Intern,India,https://www.linkedin.com/jobs/search/post-apply/default/?currentJobId=3803676131,01/19/2024,,
Learnbuds,MERN Intern,India (Remote),https://www.linkedin.com/jobs/search/?currentJobId=3803676131,01/19/2024,,
Snaphyre,Backend Intern,India,https://www.linkedin.com/jobs/search/?currentJobId=3873552032,03/21/2024,,
timelyAI,Fullstack Intern,"Bagalur, Karnataka, India",https://www.linkedin.com/jobs/search/post-apply/default/?currentJobId=3593848269,05/07/2023,,
timelyAI,Fullstack Intern,"Bagalur, Karnataka, India",https://www.linkedin.com/jobs/search/?currentJobId=3593848269,06/01/2023,,
Razormet Technologies,Intern-Python Developer @2024 Batch,India (Remote),https://www.linkedin.com/jobs/search/?currentJobId=3903525990,04/16/2024,,
ZenAdmin,Backend Intern,India,https://www.linkedin.com/jobs/search/?currentJobId=3872936774,03/29/2024,,
Crunchlime,Summer Intern,India,https://www.linkedin.com/jobs/search/?currentJobId=3902809162,04/19/2024,,
Teladoc Health,Sales Internship (remote role),Canada,https://www.linkedin.com/jobs/collections/recommended/post-apply/default/?currentJobId=3898729069,04/16/2024,,
Teladoc Health,Sales Internship (remote role),Canada,https://www.linkedin.com/jobs/collections/recommended/?currentJobId=3898729069,04/16/2024,,
Instinct,Territory Sales Internship,"Ottawa, ON",https://www.linkedin.com/jobs/collections/recommended/?currentJobId=3868337444,03/29/2024,,
Teladoc Health,Bilingual Marketing Intern,"New Brunswick, Canada",https://www.linkedin.com/jobs/collections/recommended/?currentJobId=3899530590,04/16/2024,,
EMVO | European Medicines Verification Organisation,IT Data Analysis Internship,"Bruxelles, MB",https://www.linkedin.com/jobs/collections/recommended/?currentJobId=3850109519,03/19/2023,,
Anthesis Group,Consultant - Summer Internship,Canada,https://www.linkedin.com/jobs/view/3900578446/,04/17/2024,,
Benjamin Moore,ML Data Engineer Intern - Summer 2024,"Montvale, NJ",https://www.linkedin.com/jobs/collections/recommended/?currentJobId=3899937180,04/17/2024,,
myGwork - LGBTQ+ Business Community,Freelance_Internet Safety Evaluator - Arabic (CA),Canada,https://www.linkedin.com/jobs/collections/recommended/?currentJobId=3902372537,04/19/2024,,
Predictify Pro,Software Engineer Intern,"Toronto, ON",https://www.linkedin.com/jobs/view/3874436406/post-apply/screening-questions/,04/19/2024,,
Bolt,Product Management Intern (Summer 2024),United States,https://www.linkedin.com/jobs/view/product-management-intern-summer-2024-at-bolt-3901501435/,04/19/2024,,
ThinkHumble Creative Solutions Pvt. Ltd.,Software Engineer Intern,India,https://www.linkedin.com/jobs/collections/recommended/?currentJobId=3833628960,04/19/2024,,
"Southern Graphics Systems, Canada Co.",Design Intern,"Toronto, ON",https://ca.indeed.com/viewjob?jk=b3e694c943991956,04/19/2024,,
Del's Pastry Ltd.,Quality Assurance Internship,"37 Bethridge Road, Etobicoke, ON",https://ca.indeed.com/viewjob?jk=64fe0e3b688e870e,04/19/2024,,
The Beer Store,Finance Intern,"Bolton, ON",https://ca.indeed.com/viewjob?jk=2d54724bb998e839,04/19/2024,,
Cushman & Wakefield,Intern,"Toronto, ON",https://ca.indeed.com/viewjob?jk=cf253874c59c1145,04/19/2024,,
Daimler Truck North America,Data Intelligence Intern,"Mississauga, ON",https://ca.indeed.com/viewjob?jk=7cfc6b56a1a35920,04/19/2024,,
Banque Laurentienne,Intern Business Continuity,"Toronto, ON",https://ca.indeed.com/viewjob?jk=21db598419ff4d15,04/18/2024,,
Rosedale Academy,Programming/IT Summer Intern,"7030 Woodbine Avenue, Markham, ON",https://ca.indeed.com/viewjob?jk=5ec43e5dca511b1a,04/19/2024,,
Laurentian Bank,Intern Business Continuity,"Toronto, Ontario, Canada",https://www.linkedin.com/jobs/view/3905338680/,04/18/2024,,
Atmosfy,Product Marketing Intern,United States,https://www.linkedin.com/jobs/view/3903364249/,09/07/2023,,
Fortro Ltd,U.S. Based - Remote Marketing Intern,United States,https://www.linkedin.com/jobs/view/3876751054/,04/19/2024,,
Cerina Health,AI ML Engineer - Intern,India (Remote),https://www.linkedin.com/jobs/collections/recommended/?currentJobId=3902420120,04/19/2024,,
Bainbridge,Business Analyst Intern,United States,https://www.linkedin.com/jobs/view/business-analyst-intern-at-bainbridge-3902438752/,04/21/2023,,
Interos Inc,"Software Engineer Intern, QA",United States,https://www.linkedin.com/jobs/view/3901365122/,04/18/2024,,
Renix Informatics,AI Research Intern,India,https://www.linkedin.com/jobs/view/3900513343/,04/21/2024,,
Diversified,"Senior Legal Counsel, International Contracts","Boston, MA",https://www.linkedin.com/jobs/collections/recommended/?currentJobId=3888185870,04/13/2024,,
SurveyMonkey,Product Marketing Intern,"Ottawa, ON",https://www.linkedin.com/jobs/search/?currentJobId=3897063366,04/12/2024,,
Newmark,Information Technology Intern,"New York, NY",https://www.linkedin.com/jobs/view/3897723604/,04/10/2024,,
Kinetic,Machine Learning Internship,"Santa Ana, CA",https://www.linkedin.com/jobs/search/?currentJobId=3901456058,04/17/2024,,
Kinetic,Machine Learning Internship,"Santa Ana, CA",https://www.linkedin.com/jobs/collections/recommended/?currentJobId=3901456058,04/16/2024,,
AMETEK,Software Engineering Intern-Video and Image Processing,"Wayne, NJ",https://www.linkedin.com/jobs/collections/recommended/?currentJobId=3893714255,04/14/2024,,
Podium Executive Club,2024 Spring Summer Internship!,"Regina, SK",https://www.linkedin.com/jobs/search/?currentJobId=3879237659,04/03/2024,,
Simply Business,Software Engineer - Summer Internship,"Atlanta, GA",https://www.linkedin.com/jobs/search/?currentJobId=3884642980,04/06/2024,,
Balbix,AI/ML Summer Intern,"San Jose, CA",https://jobs.lever.co/balbix/0a2b5513-6a12-491c-8119-1e0a2030f6a2,04/22/2024,,
Simply Business,Software Engineer - Summer Internship,"Atlanta, GA",https://jobs.lever.co/simplybusiness/18c56594-06cb-4a7a-b951-26e58a667999,04/20/2024,,
Mistplay,Stagiaire en science des données (été 2024) // Data Scientist Intern (Summer 2024),Montreal / Toronto,https://jobs.lever.co/mistplay/14900ad2-7f96-45fd-b04a-5f85c022e45c,04/19/2024,,
Mistplay,Stagiaire en science des données (été 2024) // Data Scientist Intern (Summer 2024),"Montreal, QC",https://www.linkedin.com/jobs/collections/recommended/?currentJobId=3887318408,04/05/2024,,
Soulstice Dating,Data Science / Machine Learning Intern,"Plano, TX",https://www.linkedin.com/jobs/search/?currentJobId=3880276865,04/08/2024,,
Soulstice Dating,Data Science / Machine Learning Intern,"Dallas, Frisco, Plano",https://wellfound.com/jobs/2962995-data-science-machine-learning-intern,04/15/2024,,
AgZen,Field Engineering Co-Op / Internship,"Somerville, MA",https://www.linkedin.com/jobs/search/?currentJobId=3871123738,03/31/2024,,
Private Education Company,"Summer Coding STEM Instructor, Assistant or Internship","Edina, MN",https://www.linkedin.com/jobs/search/?currentJobId=3835529926,03/20/2024,,
Faire,Data Scientist - Intern,Canada,https://www.linkedin.com/jobs/collections/recommended/?currentJobId=3798371909,03/19/2024,,
TestGrid.io,Summer Intern,India,https://www.linkedin.com/jobs/search/?currentJobId=3850573143,03/20/2024,,
BRP,"Internships Summer 2024, Software Engineering and Computer Engineering","Valcourt, QC",https://www.linkedin.com/jobs/search/?currentJobId=3801415583,03/09/2023,,
Samsung Semiconductor,"Intern, Intelligent Map Data Engineer","San Jose, CA",https://www.linkedin.com/jobs/search/?currentJobId=3761292354,03/20/2023,,
Deluxe,Technology / Business Internship,"Atlanta, GA",https://www.linkedin.com/jobs/search/?currentJobId=3817934701,03/20/2024,,
